feature_name,mean_abs_shap,mean_signed_shap
Tool_Wear_Min,1.1532372509759818,-0.7235564648591563
Vibration_mm_s,0.9181605845378916,-0.6126522001537668
Process_Temperature_C,0.8426789102927,-0.5112533306038723
Voltage_V,0.7004183067210253,-0.5673951279594643
Current_A,0.5198772300522314,-0.35150890520591194
Torque_Nm,0.4789836052504179,-0.29683642081009093
Air_Temperature_C,0.30789676964658425,-0.19561291591005833
Pressure_bar,0.2111571552230344,-0.14471114947319236
Rotational_Speed_RPM,0.20211375086078712,-0.12408387034593082
Apparent_Power_VA,0.18601768480280298,-0.05332287128065113
Delta_T_C,0.18183656670062448,-0.11658549701586701
Mech_Power_W,0.14718690564914727,-0.1009492961562547
Operating_Hours,0.09363989817258314,-0.07540678968533462
Machine_Type,0.0632641368084778,0.022276322927940174
